submission_id,prolific_pid,study,condition,caption,n_keystrokes,n_ai_uses,ai_used,n_tab_leaves,task_duration_s,elo,vote_count,pretrained_score,llm_humor,llm_cleverness,llm_fit,llm_overall,llm_comment,feedback_type,top_half,real_percentile,honeypot_clean,moderation_flagged,process_producing,process_responsible,process_involved,process_satisfaction,identity_funny,identity_importance,identity_reflects,attention_check,outcome_capable,outcome_effective,outcome_power,meaning_fulfilling,meaning_meaningful,meaning_mattered,experience,feedback_text,process_agency,outcome_agency,meaning,identity
69b96be916d4f954ddc17a5a,6273088a00cf446a9c9cd8f6,prolific3,solo,"You know, maybe Trump has a point about closing these borders....",67,0,FALSE,0,95.814,1512,16,59,6,7,8,7,The caption cleverly relates to the cartoon's unusual scenario but may not resonate with all audiences.,honest_coarsened,TRUE,20,TRUE,FALSE,10,10,10,5,5,7,7,7,9,8,9,8,9,10,"I was just trying to come up with something witty.  It was fun, but a little stressful.  I wanted to do a good job.",,10,8.666666666666666,9,6.333333333333333
69b96bed16d4f954ddc17a5b,672bbec33e67320f08d153fe,prolific3,solo,"Marv to Meredith, I feel very underdressed.",47,0,FALSE,0,129.606,1593,16,87,6,7,8,7,"The caption adds a humorous perspective on the unusual scene, but could be more specific to enhance cleverness.",honest_coarsened,TRUE,19,TRUE,FALSE,5,7,8,1,7,8,8,7,5,5,7,5,5,9,I tried to be really creative but didn't come up with much. Some of the other captions were really funny. ,I thought the survey was great!! Completely different from other surveys and a nice change of pace. I loved it. Really fun! ,6.666666666666667,5.666666666666667,6.333333333333333,7.666666666666667
69b96ce516d4f954ddc17a89,69acddf8c1275cb9af96b72d,prolific3,ai,"Oh crap, this isn't Madagascar",54,1,TRUE,1,177.538,1455,16,31,7,8,9,8,The reference to Madagascar adds a humorous twist to the unexpected scene of penguins in a city.,honest_coarsened,FALSE,56,TRUE,FALSE,10,10,10,3,7,3,6,7,3,0,8,0,0,0,"I was really struggling. I had concepts of a caption, but I couldn't figure out how to make them come together. ",,10,3.6666666666666665,0,5.333333333333333
69b96df816d4f954ddc17aab,6410e0ba81f88046afa861ca,prolific3,solo,I never thought we'd be talking about missing pigeons.,417,0,FALSE,0,293.308,1516,13,55,6,7,8,7,"The play on missing pigeons is amusing, especially in a scene filled with penguins, though the humor could be enhanced.",honest_coarsened,TRUE,16,TRUE,FALSE,8,8,7,4,5,7,8,7,7,7,6,7,6,8,I was a little stressed because I was having a hard time coming up with any good ideas. ,No suggestions. I liked the process. ,7.666666666666667,6.666666666666667,7,6.666666666666667
69b96ea616d4f954ddc17abf,5d681f7326e50d00195faecf,prolific3,ai,I think we might be underdressed...,41,4,TRUE,0,111.966,1582,15,98,7,6,8,7,"The caption cleverly plays on the absurdity of the situation, making it amusing and relevant to the cartoon.",honest_coarsened,TRUE,16,TRUE,FALSE,10,10,10,7,4,5,8,7,9,8,8,0,0,0,Something funny but original ,,10,8.333333333333334,0,5.666666666666667
69b96f5016d4f954ddc17ad2,5966886dee2508000108b02c,prolific3,ai,"""When the weather app said 'dress for winter,' everyone took it a bit too literally.""",2,1,TRUE,0,56.3,1541,11,85,7,8,9,8,The caption cleverly connects the surprising presence of penguins in a city with a relatable winter attire theme.,honest_coarsened,TRUE,58,TRUE,FALSE,0,0,3,6,6,8,8,7,5,5,6,6,6,5,I felt like the ai did all the work,,1,5.333333333333333,5.666666666666667,7.333333333333333
69b96ffe16d4f954ddc17aea,69a351d666e8b077b755f930,prolific3,solo,"I knew the rent was rising, but I didn't realize penguins could afford this neighborhood.",66,0,FALSE,0,181.244,1516,10,86,7,8,9,8,The caption is witty and connects well with the cartoon's absurdity of penguins in a city setting.,honest_coarsened,TRUE,58,TRUE,FALSE,10,10,10,10,7,5,7,7,9,9,9,8,8,8,I just looked at the picture and tried to think of a funny everyday comment that would fit the penguins. It was fun and made me laugh a bit.,,10,9,8,6.333333333333333
69b9766c16d4f954ddc17aff,5c715022b2da8a0001ee0a84,prolific3,solo,I didn't know Antarctica was livable.,194,0,FALSE,1,450.422,1499,14,32,7,6,9,7,"The caption cleverly plays on the surprise of seeing penguins in an urban setting, but could be a bit more punchy.",honest_coarsened,FALSE,23,TRUE,FALSE,10,9,10,1,5,3,6,7,0,0,2,8,9,10,I was trying to think of something that relates to the picture and is funny as well. It felt pleasing to come up with one even if it was bad.,,9.666666666666666,0.6666666666666666,9,4.666666666666667
69b9767916d4f954ddc17b00,5e120e2813064488573bb2a8,prolific3,ai,Is it black and white or black or white?,44,1,TRUE,0,71.95,1466,17,28,6,7,8,7,"The caption cleverly plays on the visual theme of the cartoon, but may not resonate as strongly in terms of humor.",honest_coarsened,FALSE,19,TRUE,FALSE,10,10,9,9,7,7,5,7,2,2,9,7,5,7,I'm not really sure. I wanted to be funny. It's a black and white cartoon so maybe it feels like it should be smarter.,The test in the either or boxes was a little funny. On the first one I was thinking what does this mean? Like the people were being tested or penguins and people out in street was a test.,9.666666666666666,4.333333333333333,6.333333333333333,6.333333333333333
69b9767e16d4f954ddc17b02,5e7abb2c6c89e4000a180b4a,prolific3,solo,I feel so underdressed in this city - everyone’s wearing suits!,86,0,FALSE,0,102.506,1517,16,98,6,7,8,7,"The caption is amusing and fits the scene well, highlighting the absurdity of penguins in a city setting.",honest_coarsened,TRUE,30,TRUE,FALSE,10,10,9,3,7,6,8,7,7,9,10,6,6,7,I was trying to think of something witty and funny. I felt kind of stressed and pressured to think on the spot. I kept thinking of ideas and then thinking that they weren’t funny enough.,,9.666666666666666,8.666666666666666,6.333333333333333,7
69b976d516d4f954ddc17b1e,6365b5599c1775edb6d46be4,prolific3,solo,Just another Tuesday,22,0,FALSE,0,58.534,1482,13,53,7,6,8,7,"The caption amusingly downplays the absurdity of the penguins in a city setting, but could be more imaginative.",honest_coarsened,TRUE,20,TRUE,FALSE,10,10,10,7,7,9,8,7,7,7,8,9,8,8,"I was thinking about all the things I could say like something about black and white, how odd it is to see these penguins and the weather. I felt good about this experience and it was very fun.",,10,7.333333333333333,8.333333333333334,8
69b977da16d4f954ddc17b53,69b8e27fc8e96747ebc89b4d,prolific3,solo,i thought the neighborhood was becoming more upscale but this is ridiculous,86,0,FALSE,0,91.418,1608,11,67,7,8,9,8,"The caption cleverly highlights the absurdity of penguins in a city setting, which is both humorous and fitting.",honest_coarsened,TRUE,58,TRUE,FALSE,10,10,10,10,7,8,9,7,10,10,10,10,10,10,it felt like a fun exercise from when was i school ,,10,10,10,8
69b977db16d4f954ddc17b54,69b8e27fc8e96747ebc89b4d,prolific3,solo,i thought the neighborhood was becoming more upscale but this is ridiculous,86,0,FALSE,0,92.844,1500,0,NA,NA,NA,NA,NA,NA,none,NA,NA,TRUE,FALSE,NA,NA,NA,NA,NA,NA,NA,NA,NA,NA,NA,NA,NA,NA,NA,NA,NA,NA,NA,NA
69b9796716d4f954ddc17b68,6980fc9ff378666ef4c78c1b,prolific3,ai,"When the GPS said to 'cross Penguin Avenue,' they didn't think it meant literally.",306,1,TRUE,0,112.842,1554,9,59,7,8,9,8,The caption cleverly plays on the ambiguity of GPS instructions while perfectly aligning with the cartoon's unusual scenario.,honest_coarsened,TRUE,58,TRUE,FALSE,0,0,1,8,7,7,7,7,8,8,8,4,3,2,"I couldn't really think of my own funny caption. The AI caption kept repeating in my head since I was predisposed to it. I ended up altering the words a bit, but kept it the same for the most part because I felt it was actually kind of funny.",,0.3333333333333333,8,3,7
69b97a1116d4f954ddc17b7d,69b8c082bafc352b2572df78,prolific3,ai,I didn't know there was a tuxedo show today Wilma.,52,4,TRUE,0,172.808,1500,10,55,7,6,8,7,"The caption cleverly plays on the penguins' appearance, creating humor that's well-suited to the scene.",honest_coarsened,TRUE,18,TRUE,FALSE,3,7,5,5,4,4,4,7,5,6,6,6,6,6,,,5,5.666666666666667,6,4
69b990ee2f16d8a8859932ff,4EF1100B4C894516BF6B02691A97AF31,connect1,solo,It's so cold today that the penguins migrated here.,100,0,FALSE,0,41.655,1483,18,17,6,5,8,6,The caption is humorous but feels a bit expected given the cartoon's context.,honest_coarsened,FALSE,10,TRUE,FALSE,7,9,6,5,3,5,3,7,1,1,2,1,0,0,I was just thinking something quickly that seemed semi-funny. I just let my mind guide me at that moment.,,7.333333333333333,1.3333333333333333,0.3333333333333333,3.6666666666666665
69b9911d2f16d8a88599331a,5A5DF9642D684FA4AA10E340D6E8AB7B,connect1,solo,Happy Feet takes the city,32,0,FALSE,0,84.565,1560,17,41,6,7,8,7,The caption cleverly references a famous film while fitting well with the cartoon's theme of penguins in the city.,honest_coarsened,FALSE,26,TRUE,FALSE,10,10,10,1,6,10,8,7,7,7,10,8,6,6,"I felt limited with the image I was working with, but overall, the caption I came up with was 100% me with the best I could do. ",,10,8,6.666666666666667,8
69b991352f16d8a885993325,3701428B74B748B4A55DA78FEAF1D7C8,connect1,ai,"""When the city's finally cool enough for the penguins to commute!""",2,3,TRUE,0,40.55,1490,16,33,7,8,9,8,"The caption cleverly plays with the idea of penguins commuting, fitting well with the whimsical scene.",honest_coarsened,FALSE,45,TRUE,FALSE,1,2,2,3,7,8,8,7,2,2,3,2,2,2,It felt like I was disconnected from picking the caption. Like I had little imput.,,1.6666666666666667,2.3333333333333335,2,7.666666666666667
69b991372f16d8a885993326,3701428B74B748B4A55DA78FEAF1D7C8,connect1,ai,"""When the city's finally cool enough for the penguins to commute!""",2,3,TRUE,0,41.898,1500,0,NA,NA,NA,NA,NA,NA,none,NA,NA,TRUE,FALSE,NA,NA,NA,NA,NA,NA,NA,NA,NA,NA,NA,NA,NA,NA,NA,NA,NA,NA,NA,NA
69b992c12f16d8a88599339b,10D608AE5ACC450CB194C1DEE46C7658,connect1,solo,Penguins among penguins,34,0,FALSE,0,70.994,1457,5,10,4,5,8,5,"The caption is a straightforward observation that lacks a punchline, though it fits the scene.",honest_coarsened,FALSE,1,TRUE,FALSE,10,10,10,6,8,8,8,7,3,3,10,3,3,3,I felt some anxiety and pressure to be funny and failed,No,10,5.333333333333333,3,8
69b9988e1958ca8cea40d8e1,E6096E19A1D3423385C6491332946926,connect1,ai,City life got a waddle weird when the ice cream truck added anchovy flavor.,7,1,TRUE,0,37.251,1531,43,18,7,8,9,8,"The caption cleverly connects the absurdity of the scene with a playful take on city life, enhancing the humor.",honest_coarsened,FALSE,65,TRUE,FALSE,1,3,1,5,7,8,8,7,0,0,5,3,0,1,I tried to make the sentence flow better. The experience felt alright.,,1.6666666666666667,1.6666666666666667,1.3333333333333333,7.666666666666667
69b998991958ca8cea40d8e2,ED9A8849B97549E7B49FF01230BC550F,connect1,ai,"""Rush hour just got a little more chill.""",0,4,TRUE,0,56.873,1591,45,67,7,8,9,8,"The caption effectively captures the absurdity of penguins in an urban setting, making it both amusing and fitting for the scene.",honest_coarsened,TRUE,70,TRUE,FALSE,1,2,3,8,8,9,8,7,7,5,2,2,2,3,That I was pushing a button and thinking which caption was the funniest.,,2,4.666666666666667,2.3333333333333335,8.333333333333334
69b9989a1958ca8cea40d8e3,ED9A8849B97549E7B49FF01230BC550F,connect1,ai,"""Rush hour just got a little more chill.""",0,4,TRUE,0,53.874,1500,0,NA,NA,NA,NA,NA,NA,none,NA,NA,TRUE,FALSE,NA,NA,NA,NA,NA,NA,NA,NA,NA,NA,NA,NA,NA,NA,NA,NA,NA,NA,NA,NA
69b998a21958ca8cea40d8e5,7ED2F127546A4588AF69DB93E209820E,connect1,ai,"Uhhh honey, did we get off at the wrong stop?",76,1,TRUE,0,50.507,1471,58,66,6,7,9,7,"The caption cleverly plays on the unexpected sight of penguins, effectively matching the scene.",none,NA,NA,TRUE,FALSE,NA,NA,NA,NA,NA,NA,NA,NA,NA,NA,NA,NA,NA,NA,NA,NA,NA,NA,NA,NA
69b998ab1958ca8cea40d8e9,2CFF6B5E6C4A46609F232A5E999687CC,connect1,solo,The penguins have invaded!,36,0,FALSE,0,32.149,1342,36,12,6,5,8,6,The caption captures the scene effectively but lacks a stronger punchline or twist.,honest_coarsened,FALSE,20,TRUE,FALSE,10,10,10,2,7,7,6,7,1,1,10,3,2,1,I am so not witty and couldn't really come up with anything,,10,4,2,6.666666666666667
69b998af1958ca8cea40d8eb,BBBC5ABD3D4B4D8B867F95C77A27CFFD,connect1,solo,Where is the snow!!,23,0,FALSE,0,45.436,1330,45,36,6,7,9,7,"The caption humorously highlights the absurdity of penguins in a city setting, but the punchline could be stronger.",honest_coarsened,FALSE,10,TRUE,FALSE,8,8,9,3,5,7,6,7,4,0,6,3,4,4,I felt under pressure to come up with something funny.,NA,8.333333333333334,3.3333333333333335,3.6666666666666665,6
69b998b51958ca8cea40d8f0,1F8FAFCF5442455CAF4C9CFF8620AB7E,connect1,ai,Penguinmonium reigns supreme,29,1,TRUE,0,79.744,1385,43,39,6,7,9,7,"The pun is amusing and fits well, though it may not elicit strong laughter.",honest_coarsened,FALSE,14,TRUE,FALSE,10,10,10,7,3,1,5,7,5,5,5,0,0,0,Nothing,,10,5,0,3
69b998b51958ca8cea40d8f1,1188F896D2AB4151BCA2F5BDE65C7C04,connect1,ai,i must have missed the memo to wear my tuxedo,45,1,TRUE,0,50.33,1591,49,90,7,8,9,8,"The caption cleverly plays on the penguins' natural tuxedo-like appearance, enhancing the humor while fitting the scene well.",honest_coarsened,TRUE,70,TRUE,FALSE,10,10,10,10,5,7,6,7,9,8,9,8,8,8,just trying to think of something funny,,10,8.666666666666666,8,6
69b998b71958ca8cea40d8f3,EA2FB03970FF4BFD99ED002B7929A284,connect1,solo,You know global warming is bad when the penguins have to escape to New York for the snow!,115,0,FALSE,0,74.377,1440,40,33,7,8,9,8,"The caption cleverly ties in global warming to the cartoon, creating a humorous juxtaposition.",honest_coarsened,FALSE,49,TRUE,FALSE,10,10,10,5,6,8,9,7,1,2,2,6,6,8,"I was trying to think of something funny, but felt like I just couldn't be creative enough.  It felt a little frustrating, but still fun. ",,10,1.6666666666666667,6.666666666666667,7.666666666666667
69b998b71958ca8cea40d8f4,68112AFABF74425F89F28C0B8E848D7A,connect1,ai,"When the penguins heard about city life, they didn’t expect this much traffic!",4,2,TRUE,0,46.972,1615,46,55,6,7,8,7,The caption is amusing and fits well but could be a bit more original.,honest_coarsened,TRUE,28,TRUE,FALSE,0,0,0,7,6,8,8,7,0,0,0,0,0,4,I was trying to describe the image in a humorous way,,0,0,1.3333333333333333,7.333333333333333
69b998c31958ca8cea40d902,ABECFACC4FBE440CA8E31BEE74FAA038,connect1,solo,"Alright, Which one of you let all the penguins out?",58,0,FALSE,0,68.547,1529,55,35,8,7,9,8,"The caption cleverly highlights the absurdity of the situation, enhancing the cartoon's humor.",honest_coarsened,FALSE,61,TRUE,FALSE,10,10,10,7,8,9,8,7,10,5,10,8,8,8,Trying to include as much as I could from the picture. ,N/A,10,8.333333333333334,8,8.333333333333334
69b998c41958ca8cea40d903,C3EDA99F4B0F410395C4676EB1DF6E21,connect1,ai,These pigeons are so fat they can't even fly.,63,2,TRUE,0,61.755,1557,40,49,5,6,7,6,"While the caption is amusing, it misses the comedic potential of the prominent penguins in the scene.",honest_coarsened,FALSE,25,TRUE,FALSE,10,10,10,0,2,1,1,7,0,0,0,0,0,0,I don't know just trying to come up with something.,None,10,0,0,1.3333333333333333
69b998c71958ca8cea40d90b,9A86A88B229145CA9943EAA00F48703F,connect1,solo,This city is for the birds!,31,0,FALSE,0,65.088,1520,47,68,6,7,8,7,"The caption cleverly plays on the bird imagery, but could be even funnier with a more unexpected twist.",honest_coarsened,TRUE,34,TRUE,FALSE,8,7,7,7,8,8,8,7,8,8,8,5,5,4,I was just trying to think of something that would be funny to others by coming up with a wordplay caption,,7.333333333333333,8,4.666666666666667,8
69b998d01958ca8cea40d91b,0964FBCC52854286AF855AE3F37BE768,connect1,solo,I feel underdressed.,33,0,FALSE,0,66.265,1549,37,67,7,8,9,8,The caption cleverly highlights the absurdity of the situation while fitting well with the visual chaos of penguins in a city.,honest_coarsened,TRUE,68,TRUE,FALSE,10,10,10,5,6,6,6,7,7,7,7,7,7,5,It was difficult to write something relevant to penguins but also funny to others. ,,10,7,6.333333333333333,6
69b998d51958ca8cea40d926,E1E46260FB044E738819C0A8BC2FC4E7,connect1,ai,We should have dressed more formally.,38,1,TRUE,0,90.379,1588,53,79,6,7,8,7,"The caption is amusing and clever in highlighting the absurdity of the situation, fitting well with the cartoon's portrayal of penguins in a city setting.",honest_coarsened,TRUE,40,TRUE,FALSE,9,10,10,7,9,10,9,7,9,9,10,9,9,8,Challenging,"No, it was a COOL study",9.666666666666666,9.333333333333334,8.666666666666666,9.333333333333334
69b998d91958ca8cea40d930,7ED2F127546A4588AF69DB93E209820E,connect1,ai,"Uhhh honey, did we get off at the wrong stop?",87,1,TRUE,0,34.98,1550,33,62,7,8,9,8,The caption cleverly plays on the absurdity of the penguin scene while fitting well with the couple's confusion.,honest_coarsened,TRUE,52,TRUE,FALSE,10,10,10,6,6,7,7,7,6,7,10,9,9,10,I felt a little rushed to come up with something funny and worried it would be cliche. ,"All good! This was fun, thanks!",10,7.666666666666667,9.333333333333334,6.666666666666667
69b998de1958ca8cea40d93f,F40B9F9AE1F145CCA668D9C1D31F8895,connect1,solo,"""I knew they were calling for a cold spell, but this is ridiculous!""",85,0,FALSE,0,87.029,1534,45,90,7,8,9,8,"The caption cleverly plays on the visual pun of penguins in an urban setting, making for a humorous observation.",honest_coarsened,TRUE,44,TRUE,FALSE,10,10,10,5,5,6,5,7,5,5,5,5,5,5,I simply tried for something mildly humorous.,,10,5,5,5.333333333333333
69b998df1958ca8cea40d943,3DD4464BB2A5434DA776B499B7D4BEE8,connect1,solo,"Well, this isn't very global warming of us.",314,0,FALSE,0,116.932,1414,41,57,7,8,9,8,The caption cleverly links the absurdity of penguins in an urban setting to a relevant environmental issue.,honest_coarsened,TRUE,39,TRUE,FALSE,10,10,7,4,5,7,7,7,4,5,8,5,5,5,I was trying to put myself in the average person's head and think of what someone might find humorous. ,"Everything looked fine, but this study took longer than it advertises. The payment is fine, but some people might get upset expecting a 1 minute study. ",9,5.666666666666667,5,6.333333333333333
69b998ec1958ca8cea40d963,C419F9EFC49844C5B88E42531AC88A25,connect1,solo,This neighborhood has gone to the birds.,244,0,FALSE,0,106.279,1515,31,67,7,8,9,8,The caption cleverly plays on the presence of birds while fitting well with the cartoon's whimsical theme of penguins in an urban setting.,honest_coarsened,TRUE,64,TRUE,FALSE,9,10,10,2,5,7,7,7,7,7,7,6,3,5,"I felt a lot of pressure to be funny, and wasn't entirely satisfied with my final choice. I wanted to make a global warming joke, but couldn't think of anything that wasn't too heavy-handed, so I went with something light and simple.",,9.666666666666666,7,4.666666666666667,6.333333333333333
69b998ee1958ca8cea40d967,480624F7D2124687AD60694DFA6D7702,connect1,ai,even the penguins are protesting inflation.,68,1,TRUE,0,70.109,1506,40,65,7,8,9,8,"The caption cleverly ties the whimsical image of penguins with a contemporary issue, adding a humorous twist.",honest_coarsened,TRUE,62,TRUE,FALSE,10,10,10,6,9,10,10,7,10,6,10,10,10,10,I wanted to impress other people with my caption.,,10,8.666666666666666,10,9.666666666666666
69b999011958ca8cea40d99b,C81A573CDE2949E39FE921AC0A0401B4,connect1,ai,"""I feel bad for them, but North Pole culture just isn't compatible with New York.""",205,1,TRUE,2,148.991,1626,35,42,7,8,9,8,The caption cleverly captures the absurdity of the penguins in an urban setting while addressing cultural differences humorously.,honest_coarsened,FALSE,66,TRUE,FALSE,9,9,9,9,8,8,8,7,10,10,10,9,7,7,Making a better caption than the one that was generated while using it as a template. Wondering if people would get the joke (it's more of a joke on isolationist views than an endorsement).,,9,10,7.666666666666667,8
69b9990c1958ca8cea40d9bc,947C808FC6CA4A2AB1EC0B103B864097,connect1,ai,"""When they said to expect a cold front, I didn't think they meant this literally!""",0,6,TRUE,2,161.499,1603,34,80,7,8,9,8,"The caption effectively captures the absurdity of the penguins in a city setting, making for a clever and humorous play on words.",honest_coarsened,TRUE,51,TRUE,FALSE,0,0,1,4,6,8,8,7,2,5,5,5,3,3,"I was thinking about how I could compare penguins to city life, but was coming up blank. I was a little disappointed in myself.",,0.3333333333333333,4,3.6666666666666665,7.333333333333333
69b9991b1958ca8cea40d9ed,6977D45C374747D3AE4F6A8EFC5CA4A2,connect1,ai,I'm still not convinced about climate change.,49,2,TRUE,2,175.501,1550,35,55,7,8,9,8,The caption cleverly juxtaposes the absurdity of penguins in an urban setting with skepticism about climate change.,honest_coarsened,TRUE,56,TRUE,FALSE,10,10,10,10,10,10,10,7,10,10,10,5,5,5,I tried to come up with  a humorous one liner. It was fun.,ditch the AI clanker slop,10,10,5,10
69b9991e1958ca8cea40d9f6,489EAFC5A83C479A806E323EC138CF5D,connect1,ai,"Wow, where is ICE when you really need them?",269,1,TRUE,0,126.03,1577,33,74,6,7,8,7,The caption cleverly plays on a double meaning but may require some context for full appreciation.,honest_coarsened,TRUE,32,TRUE,FALSE,6,8,8,9,5,6,6,7,7,7,8,7,7,8,Challenging but rewarding in the end.  ,"None, it was fun. ",7.333333333333333,7.333333333333333,7.333333333333333,5.666666666666667
69b999351958ca8cea40da38,CB125AEE0EB94364877AC3502C21BA7C,connect1,ai,Just an average day as a teacher.,219,2,TRUE,0,174.815,1413,32,53,5,6,7,6,The caption captures the chaos of the scene but lacks a stronger punchline.,honest_coarsened,TRUE,5,TRUE,FALSE,10,10,10,6,6,6,7,7,6,6,7,6,6,7,I was just thinking about the caption as a metaphor rather than being about the penguins.  ,,10,6.333333333333333,6.333333333333333,6.333333333333333
69b9995c1958ca8cea40da7c,C2E12949D1D9433FAD1EF2F27936D5A9,connect1,ai,Penguins seek asylum in US from their ice-torn country.,101,1,TRUE,3,225.343,1512,33,59,6,7,8,7,"The caption cleverly plays on current events while fitting the cartoon's context, though it could be funnier.",honest_coarsened,TRUE,34,TRUE,FALSE,10,10,10,10,6,3,0,7,10,10,10,10,10,10,I was trying to be as witty and funny as possible while avoiding something overly conservative and cliche.,,10,10,10,3
69b999681958ca8cea40da8d,BFA654B52F55498C85F0D373486A036A,connect1,solo,When my family and I get lost in another neighborhood.,208,0,FALSE,0,242.78,1500,0,NA,NA,NA,NA,NA,NA,none,NA,NA,TRUE,FALSE,NA,NA,NA,NA,NA,NA,NA,NA,NA,NA,NA,NA,NA,NA,NA,NA,NA,NA,NA,NA
69b9996a1958ca8cea40da91,46331EBA4F494FAD901E83106523FF12,connect1,ai,"""I thought climate change was supposed to lead to global warming.""",150,1,TRUE,2,90.318,1519,22,59,6,7,8,7,"The caption cleverly comments on the absurdity of the situation with the penguins, enhancing the humor while fitting well with the cartoon's theme.",honest_coarsened,TRUE,25,TRUE,FALSE,10,10,10,5,5,7,10,7,7,7,10,7,5,7,i was trying to come up with something relevant to our current times and witty,,10,8,6.333333333333333,7.333333333333333
69b9996c1958ca8cea40da95,474309EED654432980BFC7084768A048,connect1,solo,"Google map said ""you have arrived', it just didn't mention it was Antarctica.",87,0,FALSE,1,217.37,1587,42,68,7,8,9,8,The caption effectively captures the absurdity of the scene while cleverly relating it to modern navigation technology.,honest_coarsened,TRUE,46,TRUE,FALSE,8,8,8,8,7,7,7,7,8,8,8,7,8,8,The experience feels good coming up with something fun.,,8,8,7.666666666666667,7
69b9996c1958ca8cea40da96,474309EED654432980BFC7084768A048,connect1,solo,"Google map said ""you have arrived', it just didn't mention it was Antarctica.",87,0,FALSE,1,213.411,1500,0,NA,NA,NA,NA,NA,NA,none,NA,NA,TRUE,FALSE,NA,NA,NA,NA,NA,NA,NA,NA,NA,NA,NA,NA,NA,NA,NA,NA,NA,NA,NA,NA
69b999711958ca8cea40da9e,BFA654B52F55498C85F0D373486A036A,connect1,solo,When my family and I get lost in another neighborhood.,208,0,FALSE,0,252.149,1500,0,NA,NA,NA,NA,NA,NA,none,NA,NA,TRUE,FALSE,NA,NA,NA,NA,NA,NA,NA,NA,NA,NA,NA,NA,NA,NA,NA,NA,NA,NA,NA,NA
69b999731958ca8cea40daa1,BFA654B52F55498C85F0D373486A036A,connect1,solo,When my family and I get lost in another neighborhood.,208,0,FALSE,0,253.597,1500,0,NA,NA,NA,NA,NA,NA,none,NA,NA,TRUE,FALSE,NA,NA,NA,NA,NA,NA,NA,NA,NA,NA,NA,NA,NA,NA,NA,NA,NA,NA,NA,NA
69b999971958ca8cea40dac8,BFA654B52F55498C85F0D373486A036A,connect1,solo,When my family and I get lost in another neighborhood.,2,0,FALSE,0,13.007,1500,0,NA,NA,NA,NA,NA,NA,none,NA,NA,TRUE,FALSE,NA,NA,NA,NA,NA,NA,NA,NA,NA,NA,NA,NA,NA,NA,NA,NA,NA,NA,NA,NA
69b999aa1958ca8cea40dada,3852396C477943258E7EE91584600B4C,connect1,solo,that pigeon must be lost,24,0,FALSE,0,300.077,1512,43,41,6,7,8,7,"The caption cleverly plays on the absurdity of penguins in a city, but it could be funnier.",honest_coarsened,FALSE,30,TRUE,FALSE,10,10,10,0,8,6,6,7,0,0,10,5,3,5,NA,NA,10,3.3333333333333335,4.333333333333333,6.666666666666667
69b999b21958ca8cea40dae4,07106E54E90C458FB3AEBA0996715B4F,connect1,solo,"Like penguins, let's waddle our way around like no one is watching us.",465,0,FALSE,0,316.123,1437,36,24,6,7,8,7,"The caption captures the whimsical essence of the scene well, though it could be punchier.",honest_coarsened,FALSE,22,TRUE,FALSE,10,10,10,4,4,4,6,7,0,0,10,5,5,5,"I had a brain fart. I didn't know what to write. It felt alright, I guess. ",,10,3.3333333333333335,5,4.666666666666667
69b999ec1958ca8cea40db13,8A2EE83C95B44289819A75A3709181FE,connect1,solo,"Honey, are you sure you took us to the right Tuxedo shop?",60,0,FALSE,0,66.982,1654,39,58,7,8,9,8,"The caption cleverly plays on the unexpected presence of penguins, aligning well with the cartoon's playful tone.",honest_coarsened,TRUE,53,TRUE,FALSE,10,10,10,6,9,10,10,7,8,8,10,9,9,9,I was trying to come up with something that would be universally funny or cute.,,10,8.666666666666666,9,9.666666666666666
69b99b6c1958ca8cea40db59,39167ADB1ECE46338454FB691F40CA0F,connect1,ai,"New York’s winter commute: some slip, some waddle, but everyone flaps about the weather.",3,1,TRUE,0,32.584,1500,0,NA,NA,NA,NA,NA,NA,none,NA,NA,TRUE,FALSE,NA,NA,NA,NA,NA,NA,NA,NA,NA,NA,NA,NA,NA,NA,NA,NA,NA,NA,NA,NA
69b99b6c1958ca8cea40db58,39167ADB1ECE46338454FB691F40CA0F,connect1,ai,"New York’s winter commute: some slip, some waddle, but everyone flaps about the weather.",3,1,TRUE,0,35.273,1500,0,NA,NA,NA,NA,NA,NA,none,NA,NA,TRUE,FALSE,NA,NA,NA,NA,NA,NA,NA,NA,NA,NA,NA,NA,NA,NA,NA,NA,NA,NA,NA,NA
69b99b6e1958ca8cea40db5b,086CA0EE50924484BA40BE283B35A167,connect1,solo,Guess I should have flown today.,38,0,FALSE,0,41.834,1512,43,33,7,8,9,8,"The caption cleverly plays on the penguins' inability to fly, making it both humorous and fitting for the scene.",honest_coarsened,FALSE,60,TRUE,FALSE,10,10,10,10,4,4,3,7,2,2,5,6,6,4,I was just trying to be as funny as possible. I wanted to think of something that anyone would be able to laugh at. ,,10,3,5.333333333333333,3.6666666666666665
69b99b6f1958ca8cea40db5c,39167ADB1ECE46338454FB691F40CA0F,connect1,ai,"New York’s winter commute: some slip, some waddle, but everyone flaps about the weather.",3,1,TRUE,0,38.275,1500,0,NA,NA,NA,NA,NA,NA,none,NA,NA,TRUE,FALSE,NA,NA,NA,NA,NA,NA,NA,NA,NA,NA,NA,NA,NA,NA,NA,NA,NA,NA,NA,NA
69b99b751958ca8cea40db5d,056F472A049441DA8289C03C8EC68EC7,connect1,ai,The type of things that happen in my dreams that I think of as normal while I am in them.,98,1,TRUE,0,55.452,1476,47,39,6,7,8,7,The caption captures the absurdity of the scene but may not elicit strong laughter.,honest_coarsened,FALSE,20,TRUE,FALSE,9,10,9,7,6,8,7,7,3,2,2,4,3,7,I was thinking about funny things my friends say.,,9.333333333333334,2.3333333333333335,4.666666666666667,7
69b99b7a1958ca8cea40db5f,DDD6DE04140C4099AC77B15B9639F1F6,connect1,ai,Anybody hungry?,23,1,TRUE,0,49.358,1330,51,15,6,7,8,7,The caption is amusing and ties into the absurdity of the penguins in an urban setting.,honest_coarsened,FALSE,14,TRUE,FALSE,10,10,10,10,10,10,10,7,3,3,7,8,5,5,I was seriously trying to be funny. Not that we would eat the penguins but that they must all be hungry and perhaps the humans were the food. LOL,,10,4.333333333333333,6,10
69b99b7e1958ca8cea40db61,2F0FA835EBB24AD894CC626346F08F38,connect1,solo,Never felt as much in common with a pigeon before!,60,0,FALSE,0,62.471,1455,45,67,7,8,9,8,The caption cleverly captures the absurdity of the situation while relating to the penguins and the pigeon.,honest_coarsened,TRUE,50,TRUE,FALSE,10,10,10,6,2,1,3,7,5,5,6,1,0,0,I just needed to come up with something and move on - no feeling other than indifference,,10,5.333333333333333,0.3333333333333333,2
69b99b841958ca8cea40db63,112C874A37CE4F2F82B72F0D85A39016,connect1,solo,There goes the neighborhood...,34,0,FALSE,0,41.163,1536,47,63,7,8,9,8,"The caption cleverly plays on the unexpected presence of penguins in a city setting, making it both humorous and fitting.",honest_coarsened,TRUE,50,TRUE,FALSE,8,8,6,5,6,5,4,7,8,5,8,4,3,1,,,7.333333333333333,7,2.6666666666666665,5
69b99b871958ca8cea40db66,C9827937DD7B4581B414E16ED9C00793,connect1,ai,Building my own minion army,62,1,TRUE,0,48.68,1365,51,29,5,6,7,6,"The caption is amusing and fits the cartoon's whimsical nature, but it could be more directly related to the penguins.",honest_coarsened,FALSE,3,TRUE,FALSE,4,3,2,0,6,6,5,7,0,0,0,0,0,5,I literally couldn't remember any anecdotes about penguins as soon as I saw the AI chat bots caption,I don't like the picture itself i's not very stimulating,3,0,1.6666666666666667,5.666666666666667
69b99b881958ca8cea40db68,39167ADB1ECE46338454FB691F40CA0F,connect1,ai,"New York’s winter commute: some slip, some waddle, but everyone flaps about the weather.",3,2,TRUE,0,20.33,1526,50,44,7,8,9,8,The caption cleverly ties the scene of the penguins to New York's winter commute while maintaining a humorous tone.,honest_coarsened,FALSE,44,TRUE,FALSE,0,0,1,6,3,3,7,7,2,2,8,2,1,0,"I mainly took the AI at face value, because I'm not a great joke rider myself.",,0.3333333333333333,4,1,4.333333333333333
69b99b8b1958ca8cea40db6c,8DFA07C880FC4350BCAE8401C5098747,connect1,solo,Penguins have become the pigeons.,66,0,FALSE,1,72.338,1534,49,53,7,8,9,8,"The caption cleverly plays on the humorous juxtaposition of penguins in an urban setting, aligning well with the cartoon's visual theme.",honest_coarsened,TRUE,62,TRUE,FALSE,10,10,10,5,0,0,0,7,5,5,5,5,1,1,Just an observation of what I saw in the cartoon.,,10,5,2.3333333333333335,0
69b99b8e1958ca8cea40db6e,FDF28578B1084EDDB719613CA4B39631,connect1,ai,Vacation packages to Antarctica are getting out of hand,57,1,TRUE,0,41.085,1554,42,39,7,8,9,8,The caption cleverly ties the absurdity of the penguins in an urban setting to a humorous take on vacation promotions.,honest_coarsened,FALSE,59,TRUE,FALSE,0,0,0,5,1,2,2,7,0,0,0,0,0,0,I had no idea what to write!,,0,0,0,1.6666666666666667
69b99b8f1958ca8cea40db72,C247700CAD9B4EEAADE78DFFAFBED2DC,connect1,ai,This town turned into Antarctica!,40,1,TRUE,0,57.319,1368,44,14,7,6,9,7,The caption is amusing and fits well with the cartoon's unexpected penguin invasion.,honest_coarsened,FALSE,26,TRUE,FALSE,10,10,10,6,3,7,6,7,5,3,5,5,5,5,I was thinking about a clever comment. I wanted it to be short and simple. The experience felt fine. ,This was an interesting task. ,10,4.333333333333333,5,5.333333333333333
69b99b951958ca8cea40db7e,9EDEC868D1A44566BA439970D5DB2533,connect1,ai,Antarctica meets City Life,30,1,TRUE,0,71.482,1416,41,16,5,6,8,6,The caption captures the scene well but lacks a stronger humorous twist.,honest_coarsened,FALSE,18,TRUE,FALSE,6,8,8,2,6,5,6,7,1,1,9,8,7,7,I felt like I was stressing too much to try to be so funny that I got burnt out and my mind went blank and my caption was the best I could do. Definitely a humbling experience! ,,7.333333333333333,3.6666666666666665,7.333333333333333,5.666666666666667
69b99b961958ca8cea40db80,76B4C3F69B37417CABF3D8F6DB1D82EF,connect1,solo,Human invasion,15,0,FALSE,0,30.36,1372,50,16,6,7,8,7,The caption cleverly plays on the penguins' perspective but could be more humorous with a punchier twist.,honest_coarsened,FALSE,13,TRUE,FALSE,10,10,10,10,10,10,10,7,10,10,10,10,10,10,i was just trying to think of something funny. i felt good.,,10,10,10,10
69b99b961958ca8cea40db81,3413EED697A246E896AD0A399CDC3923,connect1,solo,I don't think we are in Kansas anymore!,42,0,FALSE,0,36.36,1582,48,37,6,7,9,7,The caption cleverly references the unusual scene but lacks a stronger punchline for humor.,honest_coarsened,FALSE,31,TRUE,FALSE,10,10,10,5,7,9,9,7,7,4,8,0,0,5,"I was trying to come up with something good, but I didn't have many ideas",n/a,10,6.333333333333333,1.6666666666666667,8.333333333333334
69b99b981958ca8cea40db85,4CAE8572F807410A9F357856CB9B5C5A,connect1,solo,Always keep your penguins in a row.,37,0,FALSE,0,66.279,1379,48,43,6,7,8,7,The caption cleverly ties into the visual chaos of penguins while maintaining a lighthearted tone.,honest_coarsened,FALSE,25,TRUE,FALSE,5,6,5,6,5,5,5,7,5,5,5,5,5,5,I was not sure.,,5.333333333333333,5,5,5
69b99b9a1958ca8cea40db8a,9B37E9168EC34118A738BEFCB5FCED88,connect1,ai,It must be free snow cone day.,41,1,TRUE,0,71.923,1559,46,27,6,7,8,7,"The caption creatively captures the chaos of penguins in the city, but the humor may not resonate with everyone.",honest_coarsened,FALSE,38,TRUE,FALSE,10,10,10,10,10,7,6,7,10,10,10,4,5,4,I wanted to entertain myself,More humorous captions,10,10,4.333333333333333,7.666666666666667
69b99ba71958ca8cea40dbaf,E5BA0D6A7AD641ECB4F32C9243B95B8D,connect1,ai,"Commuting is cool until you have to slide to work!""",0,4,TRUE,0,69.725,1602,48,56,6,7,8,7,"The play on commuting with a penguin's sliding adds a fun twist, fitting well with the cartoon's theme.",honest_coarsened,TRUE,41,TRUE,FALSE,1,5,6,1,5,1,1,7,1,1,5,1,0,4,I was hoping the AI would have beem funnier.,No,4,2.3333333333333335,1.6666666666666667,2.3333333333333335
69b99bab1958ca8cea40dbbd,AFFBEAC33F8A47D0B70727B751F79AD0,connect1,ai,"""The pigeons look slightly bigger today""",75,1,TRUE,0,99.331,1625,42,67,6,7,8,7,"The caption cleverly plays on the surprising presence of penguins instead of pigeons, fitting well with the cartoon's theme.",honest_coarsened,TRUE,41,TRUE,FALSE,10,10,10,10,10,10,10,7,10,10,10,10,10,10,I felt creative and imaginative.,"Great study, thank you.",10,10,10,10
69b99bac1958ca8cea40dbc1,355D5A2D1A374F15885AF7D49048F056,connect1,ai,"""Rush hour’s gone south for the winter!""",0,1,TRUE,1,56.286,1493,50,53,7,8,9,8,The play on words is clever and well-suited to the whimsical scene with penguins.,honest_coarsened,TRUE,66,TRUE,FALSE,0,0,0,5,2,2,2,7,9,9,5,0,0,3,Didn’t think mine would do well,,0,7.666666666666667,1,2
69b99bb21958ca8cea40dbd7,370D4E31F2944616B669B378381D26F8,connect1,solo,Penguins are marking their territory.,43,0,FALSE,0,81.637,1324,39,18,6,7,9,7,"The caption cleverly plays on the behavior of the penguins, but the humor could be stronger.",honest_coarsened,FALSE,14,TRUE,FALSE,10,10,10,5,5,3,3,7,3,3,5,7,6,7,The experience felt fine. I tried to be funny. ,,10,3.6666666666666665,6.666666666666667,3.6666666666666665
69b99bb71958ca8cea40dbe9,98E529F49D1843D7A2947802A546CE30,connect1,solo,"I believe in global warming, but what the Hell?",52,0,FALSE,0,47.045,1500,0,NA,NA,NA,NA,NA,NA,none,NA,NA,TRUE,TRUE,NA,NA,NA,NA,NA,NA,NA,NA,NA,NA,NA,NA,NA,NA,NA,NA,NA,NA,NA,NA
69b99bba1958ca8cea40dbf6,F2A88B8549DE49A1AFD06617A9FBD49E,connect1,ai,The fish here is not seasonal,30,1,TRUE,0,86.436,1509,58,7,5,6,7,6,The caption is amusing but feels somewhat disconnected from the visual chaos of the penguins in the setting.,honest_coarsened,FALSE,24,TRUE,FALSE,10,10,5,5,7,8,7,7,NA,NA,NA,NA,NA,NA,NA,NA,8.333333333333334,NA,NA,7.333333333333333
69b99bbc1958ca8cea40dbfe,3059C32788514181ABDD25A4FE5E881A,connect1,ai,"""The weather forecast said to expect arctic temperatures, but this is antarctic!""",112,1,TRUE,1,120.977,1549,41,51,6,7,8,7,"The caption cleverly plays on the unexpected presence of penguins, aligning well with the cartoon's theme.",honest_coarsened,TRUE,28,TRUE,FALSE,10,10,10,9,6,7,7,7,8,8,9,8,8,6,"I wanted to come up with something that felt a bit clever, but easy to figure out.",,10,8.333333333333334,7.333333333333333,6.666666666666667
69b99bbd1958ca8cea40dc03,95301D8167124926AEAA2794D5E8E631,connect1,ai,"""When the GPS said 'turn south for winter,' it wasn't kidding.""",2,1,TRUE,0,38.856,1586,48,50,7,8,9,8,"The caption cleverly ties in GPS navigation with the unexpected presence of penguins, enhancing the humor.",honest_coarsened,TRUE,72,TRUE,FALSE,0,0,0,0,4,10,5,7,0,0,0,0,0,0,,,0,0,0,6.333333333333333
69b99bc01958ca8cea40dc0e,D299AE4BDF2241019D429D89ECE772CF,connect1,solo,I guess Hell really has frozen over,38,0,FALSE,0,33.293,1734,51,66,7,8,9,8,"The caption effectively plays on the absurdity of penguins in an urban setting, creating a humorous and clever connection.",honest_coarsened,TRUE,66,TRUE,FALSE,6,7,6,8,4,7,5,7,8,9,8,7,8,7,It was a lot of fun!,,6.333333333333333,8.333333333333334,7.333333333333333,5.333333333333333
69b99bc41958ca8cea40dc1d,673A0BFA648A4FFBBD17FACBF6D2C3B8,connect1,ai,"When the GPS said to expect some 'traffic,' this isn't what they had in mind",2,2,TRUE,0,54.928,1628,38,84,7,8,9,8,The caption cleverly plays on the concept of traffic while fitting well with the unexpected scene of penguins in a city setting.,honest_coarsened,TRUE,69,TRUE,FALSE,1,1,2,2,4,5,4,7,4,4,5,3,3,3,I feel my humor is more in person than writing things down so I wasn't sure what was funny. ,,1.3333333333333333,4.333333333333333,3,4.333333333333333
69b99bc41958ca8cea40dc1f,673A0BFA648A4FFBBD17FACBF6D2C3B8,connect1,ai,"When the GPS said to expect some 'traffic,' this isn't what they had in mind",2,2,TRUE,0,55.311,1500,0,NA,NA,NA,NA,NA,NA,none,NA,NA,TRUE,FALSE,NA,NA,NA,NA,NA,NA,NA,NA,NA,NA,NA,NA,NA,NA,NA,NA,NA,NA,NA,NA
69b99bc71958ca8cea40dc2d,03204146D04547308EC69CEDD44A37F9,connect1,solo,"I know it's cold out, but this is ridiculous!",53,0,FALSE,0,56.281,1490,41,67,6,7,9,7,"The caption effectively highlights the absurdity of the situation, making it relatable and humorous.",honest_coarsened,TRUE,32,TRUE,FALSE,10,10,10,5,1,5,5,7,5,5,8,5,6,5,I'm really not good at coming up with funny captions; I just used the first thing that popped into my head.,no,10,6,5.333333333333333,3.6666666666666665
69b99bca1958ca8cea40dc3a,D5D4090BA4894FD2BA28B89E8B40D93C,connect1,ai,"""When the GPS said 'turn right at Antarctica,' I didn't think it was serious!""",2,20,TRUE,2,87.126,1607,47,67,7,8,9,8,"The caption cleverly ties the GPS turn with the surreal presence of penguins, enhancing the cartoon's absurdity.",honest_coarsened,TRUE,65,TRUE,FALSE,2,2,1,3,0,0,0,7,2,3,3,1,1,1,"I'm not good at this type of task, so I was just trying to use the AI to generate a lot of different captions and choose my favorite.",,1.6666666666666667,2.6666666666666665,1,0
69b99bcf1958ca8cea40dc51,A744F31F29A541EEA0845377A40C3C94,connect1,solo,"I thought we were supposed to be filming ""The Planet of the Apes""",76,0,FALSE,0,115.763,1480,45,39,6,7,8,7,"The caption is amusing and creatively references a well-known movie, though the pun on 'apes' might be stronger if tied to the actual content of the cartoon.",honest_coarsened,FALSE,19,TRUE,FALSE,10,10,10,8,7,10,10,7,6,3,10,5,6,10,I tried to think of the scene and imagine if I were reading a comic strip or cartoon as to what would get a laugh out of me,,10,6.333333333333333,7,9
69b99bd01958ca8cea40dc57,57C912FC551B4394ABCF0CDA2F381112,connect1,solo,Escape of the penguins... AHHH they're everywhere,53,0,FALSE,0,99.966,1424,41,28,6,7,9,7,"The caption captures the chaotic yet humorous situation well, though it could be slightly funnier.",honest_coarsened,FALSE,20,TRUE,FALSE,5,7,4,1,7,6,7,7,3,2,2,4,4,5,I was trying to think of something funny but the image wasn't necesarilly funny,,5.333333333333333,2.3333333333333335,4.333333333333333,6.666666666666667
69b99bd31958ca8cea40dc63,1212B46ADAEA4CFCB0BF1C8CE8B1C50E,connect1,ai,So this is what it was like before color (idk sorry),161,1,TRUE,0,56.451,1424,53,39,5,6,7,6,The caption offers a playful take on the monochrome scene but could be funnier and more directly related to the penguins.,honest_coarsened,FALSE,16,TRUE,FALSE,10,10,10,3,9,9,9,7,3,1,10,2,2,2,It was a topic I didn't feel prepared to come up with something funny for. Not sure it matched my brand of humour. Which is fine.,,10,4.666666666666667,2,9
69b99bd31958ca8cea40dc68,92C38817AF7E4D61A934333856DC19C0,connect1,ai,"After climate change, the morning commute got a lot cooler... and more slippery!",0,4,TRUE,0,105.503,1435,46,59,7,8,9,8,"The caption cleverly links climate change with an amusing visual scenario, making it both relevant and funny.",honest_coarsened,TRUE,51,TRUE,FALSE,4,2,4,7,8,7,8,7,6,6,6,5,5,6,"I was trying to find a caption related to climate change, and then the AI came up with this brilliant idea.",,3.3333333333333335,6,5.333333333333333,7.666666666666667
69b99bd41958ca8cea40dc6a,F81F039EC38C4CF6B9CA2DB16D019197,connect1,solo,"As the people were touring penguin city, a penguin came up to them and offered to sell them a counterfeit Prada bag.",73,0,FALSE,0,106.875,1299,45,33,6,7,8,7,"The caption adds humor through an unexpected twist, but could be more directly related to the cartoon's playful setting.",honest_coarsened,FALSE,12,TRUE,FALSE,10,10,10,8,8,9,8,7,2,2,9,8,7,6,I wanted to be funny but original and ironic at the same time.,,10,4.333333333333333,7,8.333333333333334
69b99bd51958ca8cea40dc73,98E529F49D1843D7A2947802A546CE30,connect1,solo,"I believe in global warming, but what the heck?",57,0,FALSE,0,77.517,1500,0,NA,NA,NA,NA,NA,NA,none,NA,NA,TRUE,FALSE,NA,NA,NA,NA,NA,NA,NA,NA,NA,NA,NA,NA,NA,NA,NA,NA,NA,NA,NA,NA
69b99bd71958ca8cea40dc78,8A8C43159B3143D6841B60E8FAB43C29,connect1,ai,I guess I didn't consider the consequences of defunding the zoo.,211,1,TRUE,0,94.796,1687,46,70,7,8,9,8,"The caption cleverly ties the chaos of the penguins in the city to a topical issue, making it both funny and relevant.",honest_coarsened,TRUE,65,TRUE,FALSE,10,10,10,5,7,8,7,7,8,8,8,10,5,5,I was doing my best to come up with something original and witty. It was vindicating when I came up with something and it was in the top half.,,10,8,6.666666666666667,7.333333333333333
69b99bd71958ca8cea40dc79,CE03D44DEB974D54AF0435B782B85A46,connect1,ai,"""Frank, I thought you said PIGEONS.""",44,1,TRUE,0,47.449,1560,38,36,7,8,9,8,"The caption effectively plays on the unexpected presence of penguins instead of pigeons, making it both humorous and fitting.",honest_coarsened,FALSE,58,TRUE,FALSE,8,8,8,8,7,7,8,7,8,4,7,6,5,5,That I didn't want to use the AI-generated suggestion.,,8,6.333333333333333,5.333333333333333,7.333333333333333
69b99bd81958ca8cea40dc7d,E75AABBDA5CC4A219FDBE61855D36359,connect1,ai,"If man and penguins can co-exist, why can't the rest of the world do the same?",85,1,TRUE,0,92.915,1408,52,50,5,6,8,6,"The caption offers a thoughtful commentary, but the humor feels a bit flat given the cartoon's absurdity.",honest_coarsened,TRUE,15,TRUE,FALSE,10,10,10,8,7,10,8,7,7,7,9,10,9,9,"I felt under pressure to be funny. I'm naturally funny in conversation, but this was different.","No, this was fun!",10,7.666666666666667,9.333333333333334,8.333333333333334
69b99bd81958ca8cea40dc7f,6462D588260B4356936047A04A336EBE,connect1,solo,pengmania,9,0,FALSE,0,27.458,1362,47,28,6,7,8,7,"The play on words is amusing and aligns well with the scene, adding to the cartoon's charm.",honest_coarsened,FALSE,21,TRUE,FALSE,10,10,10,0,6,7,7,7,0,0,10,0,0,0,I struggled to come up with anything,N/A,10,3.3333333333333335,0,6.666666666666667
69b99bda1958ca8cea40dc87,29BCAE5CBF014FB3AC6749B24B99A543,connect1,ai,"""When global warming goes too far and the penguins start commuting to work.""",0,7,TRUE,1,123.591,1505,48,36,7,8,9,8,The caption plays effectively on the absurdity of the scenario while cleverly addressing a relevant environmental issue.,honest_coarsened,FALSE,49,TRUE,FALSE,0,1,0,5,2,2,3,7,2,0,1,2,1,3,"it was simple, i had help with ai",,0.3333333333333333,1,2,2.3333333333333335
69b99bda1958ca8cea40dc88,0AEBBC0E0AD045B9BE419A82B606BC9F,connect1,solo,"Um, do you get the feeling we are underdressed?",83,0,FALSE,0,83.241,1559,41,68,7,6,8,7,"The caption cleverly highlights the absurdity of the situation, making it both funny and relevant.",honest_coarsened,TRUE,42,TRUE,FALSE,8,8,10,6,7,9,8,7,7,8,7,8,7,8,I wanted it to make sense and wanted it to be related to everyone. ,,8.666666666666666,7.333333333333333,7.666666666666667,8
69b99bdb1958ca8cea40dc8d,79F43DA421694A40B35310B1ECB4367A,connect1,ai,These diversity hires are getting out of hand.,55,1,TRUE,1,70.554,1500,0,NA,NA,NA,NA,NA,NA,none,NA,NA,TRUE,TRUE,NA,NA,NA,NA,NA,NA,NA,NA,NA,NA,NA,NA,NA,NA,NA,NA,NA,NA,NA,NA
69b99bdc1958ca8cea40dc91,490DA625DC9840FAA97DD27F11B71816,connect1,solo,Pidgin poop everywhere Martha,57,0,FALSE,0,121.623,1301,48,31,5,6,7,6,"The caption plays on the situation with a pun, but it feels a bit flat given the absurdity of the scene.",honest_coarsened,FALSE,3,TRUE,FALSE,7,7,7,5,7,7,7,7,6,8,8,6,5,5,I was trying to think of something funny but nothing was really coming up,,7,7.333333333333333,5.333333333333333,7
69b99bde1958ca8cea40dc98,6BB9322B779B40D19994176DA55902A8,connect1,solo,Good thing they can't fly otherwise we'd get pooped on.,68,0,FALSE,1,30.093,1586,42,67,7,6,9,8,The caption humorously highlights the absurdity of the penguins in an unexpected urban setting while fitting well with the visual scenario.,honest_coarsened,TRUE,49,TRUE,FALSE,9,10,10,8,8,8,8,7,9,9,9,9,9,8,I wanted to be funny. ,None. ,9.666666666666666,9,8.666666666666666,8
69b99be11958ca8cea40dcad,F5AF9A421C124609BFA99D97FB6E4965,connect1,solo,"Is this some new fancy, ice skating rink we haven't heard of yet?",73,0,FALSE,0,144.288,1438,45,38,7,8,9,8,The caption cleverly plays on the absurdity of the situation while fitting well with the cartoon's theme of penguins in an urban setting.,honest_coarsened,FALSE,39,TRUE,FALSE,8,8,8,6,3,5,5,7,0,0,2,3,3,3,I felt pressured but tried my best,,8,0.6666666666666666,3,4.333333333333333
69b99be31958ca8cea40dcb8,B90B293930CE4EB4B0BEBA8CB19730D9,connect1,solo,I knew you should've asked for directions...,45,0,FALSE,0,47.293,1605,43,57,6,7,8,7,"The caption cleverly captures the absurdity of the situation with the penguins, making it relatable while being humorous.",honest_coarsened,TRUE,45,TRUE,FALSE,10,10,10,5,8,8,10,7,7,7,10,7,6,7,"It was fun, I enjoyed it even though I don't think very highly of mine.",Everything was great!,10,8,6.666666666666667,8.666666666666666
69b99be41958ca8cea40dcbc,1CB076CBC0D34C92A056135A69EB2D48,connect1,solo,we have been.... pengvaded,38,0,FALSE,0,61.439,1398,44,31,6,7,9,7,"The pun is amusing and well-suited to the scene, though it may not be the most original setup.",honest_coarsened,FALSE,18,TRUE,FALSE,5,8,9,7,5,3,2,7,1,1,2,0,0,0,i couldnt think of a joke fast ennough,,7.333333333333333,1.3333333333333333,0,3.3333333333333335
69b99be41958ca8cea40dcbd,CA76C8F94E714A7AA0818BE230A420ED,connect1,ai,These forecasts are getting a little wild wouldn't you say?,62,1,TRUE,1,81.087,1549,44,81,7,8,9,8,"The caption cleverly connects the unexpected presence of penguins with the idea of wild weather forecasts, making it amusing and relevant.",honest_coarsened,TRUE,63,TRUE,FALSE,10,10,10,10,7,6,6,7,7,7,10,8,8,10,"I was just considering ways to play with words related to the image, As well as taking into consideration the AI recommendation as a general point of reference.

It was overall mildly enjoyable
 ",,10,8,8.666666666666666,6.333333333333333
69b99be51958ca8cea40dcc9,37E2D2B94BA14B2FA724746DB39B5A5A,connect1,ai,"In a world full of pigeons, be a penguin.",43,1,TRUE,0,85.501,1550,45,68,6,7,9,7,"The caption is creative and well-matched, though the humor could be stronger.",honest_coarsened,TRUE,28,TRUE,FALSE,10,10,10,10,8,8,10,7,10,10,10,10,10,10,"It was fun, I felt like one of those people who run a twitter account for big corporations. lol",,10,10,10,8.666666666666666
69b99be61958ca8cea40dcd0,FF73A84FF3F14A928B7095849BA26BCD,connect1,solo,I didn’t know penguins could fly,48,0,FALSE,1,66.353,1432,41,34,6,5,8,6,The caption highlights the absurdity of the scene but feels a bit straightforward.,honest_coarsened,FALSE,22,TRUE,FALSE,5,5,5,5,7,6,6,7,6,6,6,6,6,6,It was entertaining ,,5,6,6,6.333333333333333
69b99be81958ca8cea40dcd7,2DD0334B0EF143AF970909B8F861F59F,connect1,ai,"When I heard they were making a live action Happy Feet, this is not what I expected",175,1,TRUE,0,52.681,1645,49,81,7,8,9,8,"The caption adds a playful twist to the scene, making a clever reference to the unexpected appearance of penguins in a live-action setting.",honest_coarsened,TRUE,59,TRUE,FALSE,10,10,10,7,6,6,6,7,8,8,8,8,6,6,"I didn't really feel much, I am just completing a task and this has nothing to do with my worse",Don't force me to use AI ,10,8,6.666666666666667,6
69b99bea1958ca8cea40dce1,C1671DDEC3B04444A47561CBA60B8760,connect1,ai,I know the weather said bitter cold but i wasn't expecting this!,68,1,TRUE,0,58.817,1636,40,86,6,7,9,7,The caption cleverly plays on the unexpected snowy scene but could be a bit funnier.,honest_coarsened,TRUE,40,TRUE,FALSE,10,10,10,9,10,8,8,7,10,10,10,8,10,6,i was trying to come up with the best caption i could think of ,,10,10,8,8.666666666666666
69b99beb1958ca8cea40dcec,C1671DDEC3B04444A47561CBA60B8760,connect1,ai,I know the weather said bitter cold but i wasn't expecting this!,68,1,TRUE,0,62.948,1500,0,NA,NA,NA,NA,NA,NA,none,NA,NA,TRUE,FALSE,NA,NA,NA,NA,NA,NA,NA,NA,NA,NA,NA,NA,NA,NA,NA,NA,NA,NA,NA,NA
69b99bee1958ca8cea40dcfd,79F43DA421694A40B35310B1ECB4367A,connect1,ai,No one said it was a black tie event.,105,1,TRUE,1,88.903,1500,0,NA,NA,NA,NA,NA,NA,none,NA,NA,TRUE,FALSE,NA,NA,NA,NA,NA,NA,NA,NA,NA,NA,NA,NA,NA,NA,NA,NA,NA,NA,NA,NA
69b99bf01958ca8cea40dd0c,E00FE3F926504F12A763173EBB54E91D,connect1,ai,"""When you finally convince the penguins to join your morning commute.""",0,1,TRUE,0,40.582,1412,40,66,7,8,9,8,"The caption cleverly ties the unusual sight of penguins in a city to the relatable theme of commuting, adding humor to the scenario.",honest_coarsened,TRUE,47,TRUE,FALSE,0,0,0,0,10,10,10,7,5,5,0,0,0,0,It felt like I had to rely on AI ,,0,3.3333333333333335,0,10
69b99bf11958ca8cea40dd15,79F43DA421694A40B35310B1ECB4367A,connect1,ai,No one said it was a black tie event.,105,1,TRUE,1,92.385,1500,0,NA,NA,NA,NA,NA,NA,none,NA,NA,TRUE,FALSE,NA,NA,NA,NA,NA,NA,NA,NA,NA,NA,NA,NA,NA,NA,NA,NA,NA,NA,NA,NA
69b99bf71958ca8cea40dd40,788C0AAC8A924E98B0667144DE400B05,connect1,ai,When your GPS says 'take a left at Penguin Avenue' and you think it's a joke.,2,7,TRUE,0,93.628,1454,47,58,7,8,9,8,"The caption creatively connects the presence of penguins to a humorous GPS scenario, fitting well with the cartoon's theme.",honest_coarsened,TRUE,51,TRUE,FALSE,3,3,3,3,7,7,7,7,7,4,7,6,6,6,I really wanted to be funny but was having a hard time being put on the spot. ,,3,6,6,7
69b99bf91958ca8cea40dd47,98E529F49D1843D7A2947802A546CE30,connect1,solo,"I believe in global warming, but what the heck?",50,0,FALSE,0,30.12,1533,41,32,6,7,8,7,The caption effectively captures the absurdity of the penguin scenario while tying it to a relevant theme.,honest_coarsened,FALSE,32,TRUE,FALSE,10,10,9,7,9,8,8,7,4,4,6,3,5,3,I figured that I would be current.,,9.666666666666666,4.666666666666667,3.6666666666666665,8.333333333333334
69b99bfc1958ca8cea40dd60,9109FFE4488A430788777B488018B5C7,connect1,solo,"As God is my witness, I thought penquins could fly.",67,0,FALSE,0,90.778,1483,43,33,7,8,9,8,"The caption cleverly plays on a common misconception about penguins, aligning well with the humorous scene.",honest_coarsened,FALSE,48,TRUE,FALSE,3,2,5,6,3,5,6,7,2,2,1,1,0,1,I felt sorta of confused. The experience wasn't that great.,It doesn't have to be so redundant.,3.3333333333333335,1.6666666666666667,0.6666666666666666,4.666666666666667
69b99bff1958ca8cea40dd6f,CAEF35C4ABF64864977558F2756421D9,connect1,solo,I didn't think tuxedos were required for this stroll!,60,0,FALSE,0,85.457,1510,53,80,7,8,9,8,"The caption cleverly plays on the visual pun of penguins in tuxedos, making it both humorous and relevant to the scene.",honest_coarsened,TRUE,57,TRUE,FALSE,10,10,10,8,10,10,8,7,10,10,10,10,10,10,Being funny,nope   great just the way it was,10,10,10,9.333333333333334
69b99c041958ca8cea40dd9a,5CFF46D109FB4D2A9A15C879C8FCB16E,connect1,ai,Rush hour is slowed by penguin hour,62,1,TRUE,0,106.929,1428,39,32,7,8,9,8,"The caption is humorous and cleverly plays on the unusual scenario depicted, enhancing the cartoon's charm.",honest_coarsened,FALSE,40,TRUE,FALSE,10,10,10,2,1,9,9,7,1,1,7,1,1,1,Think of something funny but I felt unsure,,10,3,1,6.333333333333333
69b99c071958ca8cea40ddb1,669DEBEBE0C14C60B6915B6FC3E7C61F,connect1,ai,"""You know its cold when the penguins vacation in New York City.""",70,1,TRUE,0,59.293,1742,40,41,7,6,9,8,The play on penguins vacationing in a cold city adds a whimsical twist that aligns well with the scene.,honest_coarsened,FALSE,69,TRUE,FALSE,10,10,10,10,7,7,9,7,10,4,10,10,3,7,I was trying to think of something global warming related like a lot of people but couldn't do it!,No it was fun,10,8,6.666666666666667,7.666666666666667
69b99c111958ca8cea40ddf5,F8FD3F54C9514457806C1ABF552826A0,connect1,solo,I guess global warming is real,448,0,FALSE,0,85.611,1527,44,33,7,8,9,8,"The caption cleverly addresses the absurdity of the situation, linking it to a timely topic.",honest_coarsened,FALSE,57,TRUE,FALSE,10,10,10,7,8,8,8,7,2,2,6,3,3,7,trying to think of something funny and clever,,10,3.3333333333333335,4.333333333333333,8
69b99c141958ca8cea40de0f,1EC68FB44F3E4137B7AB7E4403CEB98F,connect1,solo,Clearly we took a wrong turn.,32,0,FALSE,0,57.725,1614,40,67,7,6,9,7,"The caption cleverly hints at the absurdity of penguins in a city setting, making it both funny and fitting.",honest_coarsened,TRUE,45,TRUE,FALSE,9,9,9,5,4,4,5,7,8,8,8,6,6,6,I was just trying to come up with the funniest caption for the picture shown - I tried to think of what I might find funny. It was a fun experience.,,9,8,6,4.333333333333333
69b99c141958ca8cea40de13,19D40F3C7BEA482D969B5DD651375F82,connect1,solo,"Wow, the nuns must have the day off from church.",90,0,FALSE,0,34.963,1515,36,69,6,5,7,6,The caption is amusing and fits the scene but lacks a stronger punchline for maximum impact.,honest_coarsened,TRUE,14,TRUE,FALSE,8,8,6,6,6,8,6,7,6,6,7,5,6,6,It was fun! I had a few thoughts but went with my first thought.,"No, this was interesting; thanks!",7.333333333333333,6.333333333333333,5.666666666666667,6.666666666666667
69b99c151958ca8cea40de1b,60789A1C1B384B4BB8287300192DAE3E,connect1,solo,A bunch of penguins searching for food.,41,0,FALSE,2,58.621,1268,39,18,4,5,7,5,The caption is straightforward but lacks a humorous twist.,honest_coarsened,FALSE,4,TRUE,FALSE,9,10,9,8,6,7,7,7,5,5,4,3,3,3,I tried my best but felt stressed. ,,9.333333333333334,4.666666666666667,3,6.666666666666667
69b99c1b1958ca8cea40de4c,5DC2AD932E304BAB90DE11FAAE7EAD79,connect1,ai,Penguins now want to compete with human its getting dangerous in antarctica.,93,1,TRUE,1,124.225,1407,38,29,4,5,6,5,The caption has a light twist but lacks a strong connection to the scene depicted.,honest_coarsened,FALSE,8,TRUE,FALSE,8,6,9,7,3,3,3,7,8,8,8,8,8,8,The experience was great and i had much fun.,,7.666666666666667,8,8,3
69b99c1d1958ca8cea40de5b,D0FA192E30A543A89534786CB9A96B5B,connect1,solo,I feel underdressed.,22,0,FALSE,0,32.21,1654,39,84,7,8,9,8,"It's a witty remark given the unusual scene of penguins in a city, making it both humorous and fitting.",honest_coarsened,TRUE,47,TRUE,FALSE,10,10,10,0,5,5,5,7,5,5,5,2,0,0,Trying to come up with something half-way clever as quickly as possible to make this worth doing. ,Nope. ,10,5,0.6666666666666666,5
69b99c1e1958ca8cea40de62,D72AE8C7C19A48B19576D12199EA0F86,connect1,ai,"Ebony and Ivory, side by side they go so why don't we....",67,1,TRUE,0,182.995,1365,42,25,6,7,8,7,"The caption cleverly references harmony in diversity, fitting well with the scene of the penguins but lacks a strong punchline.",honest_coarsened,FALSE,14,TRUE,FALSE,10,10,10,8,5,0,6,7,2,2,10,5,5,6,I was thinking what the lady might whimsically say to her partner as they observe the penguins downtown.,,10,4.666666666666667,5.333333333333333,3.6666666666666665
69b99c1f1958ca8cea40de65,25FD6FEDA07744ECBFA57CA1FC667B99,connect1,ai,Looks like the city's new take a walk with humans' program is a hit!,70,1,TRUE,0,89.777,1529,42,32,7,8,9,8,"The caption cleverly plays on the absurdity of penguins participating in a city program, enhancing the humor and fitting well with the cartoon's theme.",honest_coarsened,FALSE,49,TRUE,FALSE,4,5,6,10,4,7,6,7,0,0,10,0,0,0,AI generated a caption and I changed it to something I thought was funnier by just changing one word.,,5,3.3333333333333335,0,5.666666666666667
69b99c261958ca8cea40dea1,5FDB3BC862C84D0E943E024F2405F0E7,connect1,ai,Global warming? More like global waddling!,44,5,TRUE,0,104.191,1482,41,57,7,8,9,8,The play on words is amusing and aligns well with the penguin theme in the cartoon.,honest_coarsened,TRUE,45,TRUE,FALSE,0,0,2,8,1,1,0,7,7,8,0,1,0,0,What was going through my mind was that I literally couldn't come up with anything myself and instead had to use the AI generator. ,,0.6666666666666666,5,0.3333333333333333,0.6666666666666666
69b99c331958ca8cea40df02,20B44BECDF2A4D3FB16AE89BEF405F94,connect1,solo,What in the world? Are we in the Artic or what?,90,0,FALSE,0,62.275,1463,40,33,6,5,8,6,The caption is amusing but somewhat straightforward and leans on a common trope.,honest_coarsened,FALSE,9,TRUE,FALSE,10,10,10,5,8,10,10,7,10,2,10,8,8,10,It was a little more difficult to come up with something since I was under the gun.,,10,7.333333333333333,8.666666666666666,9.333333333333334
69b99c331958ca8cea40df06,9B0F9C1CC0AA42349D393178C4B4C29B,connect1,solo,The people struggled to act as penguins do,57,0,FALSE,0,35.242,1340,34,12,6,7,8,7,The caption cleverly reflects the scene but lacks a stronger punchline for higher humor.,honest_coarsened,FALSE,15,TRUE,FALSE,10,10,10,6,5,6,4,7,3,1,6,3,2,2,I was thinking of something funny but had doubts,,10,3.3333333333333335,2.3333333333333335,5
69b99c371958ca8cea40df22,9397C8A8B2CF4431BB57EC9461FC0DA5,connect1,ai,"""When urban planning goes south...""",0,4,TRUE,0,99.176,1515,38,49,6,7,8,7,"The caption cleverly plays on the unexpected presence of penguins in an urban setting, though the humor feels somewhat mild.",honest_coarsened,FALSE,30,TRUE,FALSE,2,5,5,6,1,4,1,7,5,6,6,2,1,2,I was trying to find something funny that made sense,,4,5.666666666666667,1.6666666666666667,2
69b99c421958ca8cea40df68,3C6FA70ED1D44DF991186A70DAF035CC,connect1,solo,Climate change is really getting out of hand.,48,0,FALSE,0,47.697,1540,42,81,6,7,9,7,"The caption cleverly ties the surreal scene of penguins in a city to the real-world concern of climate change, making it both humorous and relevant.",honest_coarsened,TRUE,34,TRUE,FALSE,10,10,10,5,6,4,5,7,6,6,10,6,6,6,It was somewhat entertaining to come up with a caption.,,10,7.333333333333333,6,5
69b99c441958ca8cea40df75,319903D0C5E545C98A1269CB1C049388,connect1,ai,They must be here for the wedding,34,1,TRUE,0,47.214,1493,40,75,6,7,8,7,"The caption is amusing and ties well into the unusual scene of penguins in a city, though it could be more surprising.",honest_coarsened,TRUE,25,TRUE,FALSE,10,10,10,7,6,6,7,7,9,7,10,1,0,0,The AI option was terrible and just a waste of time,,10,8.666666666666666,0.3333333333333333,6.333333333333333
69b99c471958ca8cea40df85,1A40B0BD6ACA480A93FDCD0C474DE120,connect1,ai,These new pigeons are dressed awfully formally.,50,1,TRUE,0,91.185,1570,51,99,7,6,9,8,"The caption cleverly plays on the juxtaposition of penguins and pigeons, fitting the absurdity of the scene.",honest_coarsened,TRUE,57,TRUE,FALSE,10,0,10,3,5,7,7,7,3,4,9,3,3,7,i really wanted to come up with something funny,,6.666666666666667,5.333333333333333,4.333333333333333,6.333333333333333
69b99c491958ca8cea40df8e,2684CB9947124B31B3D321DCC6531ABB,connect1,solo,Must me a top and tails wedding nearby,39,0,FALSE,0,44.262,1495,32,35,6,7,8,7,"The caption is amusing and clever, fitting well with the whimsical scene of penguins in an urban setting.",honest_coarsened,FALSE,34,TRUE,FALSE,1,1,3,2,4,3,5,7,4,4,4,0,0,0,I just focused on coming up with anything that somewhat fit.,,1.6666666666666667,4,0,4
69b99c4a1958ca8cea40df95,B5E98DF9E03740D3A73454C0E2FD1A6F,connect1,ai,"""Rough day at work. The penguin parade was late and waddling all over the schedule!""",0,1,TRUE,0,39.187,1388,34,31,6,7,8,7,"The caption is amusing and fits well with the cartoon's chaotic scene, but could use a sharper punchline.",honest_coarsened,FALSE,23,TRUE,FALSE,2,1,2,2,10,8,9,7,6,6,5,3,5,4,I couldnt think of my own at the time,,1.6666666666666667,5.666666666666667,4,9
69b99c4d1958ca8cea40dfa4,920A1FA2AFDA4AFF8277D9B361205760,connect1,ai,"When global warming takes a day off, and the penguins take Manhattan",0,2,TRUE,0,25.023,1590,34,19,7,8,9,8,The caption cleverly ties in global warming with the amusing image of penguins in an urban setting.,honest_coarsened,FALSE,61,TRUE,FALSE,0,0,0,5,0,0,0,7,0,0,0,1,1,0,ai is taking over,,0,0,0.6666666666666666,0
69b99c4d1958ca8cea40dfa8,74163949571A4A0B94691DA60FB2F060,connect1,ai,"When the GPS said, ""Take a left and follow the penguins,"" I didn't think it was being literal!",205,1,TRUE,1,154.121,1567,41,57,7,8,9,8,"The caption cleverly plays on the absurdity of GPS directions, matching the cartoon's theme of unexpected penguins in an urban setting.",honest_coarsened,TRUE,71,TRUE,FALSE,5,10,5,10,7,5,8,7,10,10,10,9,9,9,I didn't really think about it. I let the AI write the caption for me.,,6.666666666666667,10,9,6.666666666666667
69b99c591958ca8cea40dfea,6C3E6DA935384CB8AE56FAFC6EC99703,connect1,ai,"Honestly, global warming is looking kind of cute right now.",60,1,TRUE,0,141.412,1568,40,46,6,7,8,7,"The caption cleverly juxtaposes the cute imagery of penguins with a serious issue, creating an amusing contrast.",honest_coarsened,FALSE,32,TRUE,FALSE,10,10,10,6,4,4,4,7,8,8,9,3,2,1,My sense of humor doesn't come up as easily in an example like this,,10,8.333333333333334,2,4
69b99c5f1958ca8cea40e013,218D74FFB32A4C838A88C6019A69DE91,connect1,ai,Looks like some of the female ones are arguing over their mate's flawed migration patterns.,95,1,TRUE,0,189.319,1423,38,50,6,7,8,7,"The caption creatively ties into the scene with the penguins, but the humor could be sharpened for more impact.",honest_coarsened,TRUE,13,TRUE,FALSE,8,8,8,5,5,6,6,7,6,6,6,6,3,3,I weighed different thoughts. It was challenging,pay more,8,6,4,5.666666666666667
69b99c651958ca8cea40e031,5501E26B3F18462092D7E8FDE5E0F2CD,connect1,solo,Everything seems so black and white these days.,79,0,FALSE,0,54.422,1747,34,39,7,8,9,8,The caption cleverly plays on the visual contrast while addressing contemporary themes in a humorous way.,honest_coarsened,FALSE,70,TRUE,FALSE,10,10,10,6,9,10,10,7,6,1,9,3,1,1,"I was trying to think of something a bit more sophisticated, given the New Yorker style of the cartoon.",,10,5.333333333333333,1.6666666666666667,9.666666666666666
69b99c6b1958ca8cea40e054,0C188561AD274D32B5D05A3DE63F1D30,connect1,ai,The penguins are fine but I really can't stand all the seafood restaurants.,80,1,TRUE,0,120.473,1505,32,41,7,8,9,8,The caption cleverly plays on the absurdity of the scene while maintaining a humorous perspective.,honest_coarsened,FALSE,56,TRUE,FALSE,10,10,10,6,7,6,9,7,5,4,10,6,3,3,I was trying to be better than the AI suggestion,,10,6.333333333333333,4,7.333333333333333
69b99c6e1958ca8cea40e067,87ED3ABB0ADE45BF978C2C11CC28B0B0,connect1,solo,"I knew global warming was getting bad, but now this seems a bit extreme.",145,0,FALSE,0,103.427,1552,35,97,7,8,9,8,"The caption cleverly ties together the unexpected presence of penguins with a topical issue, enhancing the humor while fitting the scenario well.",honest_coarsened,TRUE,59,TRUE,FALSE,10,10,10,7,7,8,7,7,7,7,9,8,7,7,I just thought about trying to be creative and exhibit my usual sense of deadpan humor. It kind of reminded me of the cartoons I'd read in the New Yorker. ,None. Fun task. ,10,7.666666666666667,7.333333333333333,7.333333333333333
69b99c771958ca8cea40e08b,8F92154D8BED4FEEBF5731E3398728FB,connect1,ai,Traffic was so bad that even the penguins were late,52,1,TRUE,0,49.273,1490,35,59,7,8,9,8,The caption cleverly ties the absurdity of penguins in a city with a relatable traffic issue.,honest_coarsened,TRUE,52,TRUE,FALSE,10,10,10,10,7,7,7,7,10,10,5,10,10,10,I was trying to find something funny with the cartoon. ,,10,8.333333333333334,10,7
69b99c771958ca8cea40e08c,3C0F139C9072471BB81FD31EE1BCB5FC,connect1,solo,penguins taking over,21,0,FALSE,0,279.428,1294,32,32,6,5,8,6,The caption captures the scene well but lacks a surprising twist that would enhance the humor.,honest_coarsened,FALSE,3,TRUE,FALSE,10,10,7,7,3,3,3,7,0,2,2,2,2,2,I was just trying to come up with something that might've been funny.,,9,1.3333333333333333,2,3
69b99c781958ca8cea40e090,4909869E1F4946FD8D57ACAADF9D0135,connect1,ai,I welcome our new penguin overlords.,39,1,TRUE,3,80.503,1483,34,67,7,8,9,8,"The caption cleverly plays on the absurdity of the situation, making it both humorous and fitting.",honest_coarsened,TRUE,52,TRUE,FALSE,9,8,6,7,6,8,7,7,8,7,8,5,2,1,How hard I should try to differentiate myself from the AI. I went with a pretty common meme though.,,7.666666666666667,7.666666666666667,2.6666666666666665,7
69b99c7a1958ca8cea40e09d,466FB8AD5DCA47D8989FB99E4C898E80,connect1,ai,Rush hour is a lot cooler since the penguins moved in,72,7,TRUE,1,255.822,1539,37,67,7,8,9,8,The caption cleverly plays on the absurdity of the scene while fitting well with the unexpected presence of penguins in the city setting.,honest_coarsened,TRUE,66,TRUE,FALSE,1,3,6,5,6,6,5,7,6,7,2,7,5,7,At first I couldn't think of anything to say about the picture and the penguins. But then I saw the AI help and figured I was supposed to use that and it made it much easier,No I think it was fun the way it was,3.3333333333333335,5,6.333333333333333,5.666666666666667
69b99c7c1958ca8cea40e0a6,970A28FAD515401B81A4E4721630F35B,connect1,ai,"I tell you what, these are some weird looking dogs.",71,2,TRUE,0,84.206,1606,35,58,5,6,8,6,"The caption is amusing and fits the scenario, but it lacks a strong punchline.",honest_coarsened,TRUE,25,TRUE,FALSE,7,6,7,7,6,8,7,7,9,9,8,9,9,9,I tried making a caption that would be unique but also something that everyone can understand. It felt great to score in the top half! ,,6.666666666666667,8.666666666666666,9,7
69b99c821958ca8cea40e0c2,EAE68B50BF554BB98887D33DA5649699,connect1,ai,"""Rush hour in Antarctica sure has a chill vibe!""",0,1,TRUE,0,63.613,1539,36,46,6,7,8,7,"The play on words with 'chill' complements the penguin theme well, though it could be more surprising.",honest_coarsened,FALSE,39,TRUE,FALSE,0,2,3,9,7,9,9,7,9,0,7,6,5,9,"I was brainstorming ideas for the caption. I was trying to relate funny situations that were related to penguins and humans that would fit the cartoon. I found the AI assistant to be helpful, but limiting to a degree. ",,1.6666666666666667,5.333333333333333,6.666666666666667,8.333333333333334
69b99c8a1958ca8cea40e0ed,5E7BA30D9F3E4795AA16154A7EA8D6B9,connect1,solo,Which way is the North pole,31,0,FALSE,0,89.353,1425,37,20,6,7,8,7,"The caption is amusing and fits well with the penguin theme, though it could be more engaging.",honest_coarsened,FALSE,22,TRUE,FALSE,8,8,6,5,6,8,6,7,6,5,9,6,6,5,"I tried to make a sarcastic comment, but I could have done better.",,7.333333333333333,6.666666666666667,5.666666666666667,6.666666666666667
69b99c8b1958ca8cea40e0f3,2DA24077C63D421686D6A85D4869FD76,connect1,ai,Global swarming,96,4,TRUE,1,256.049,1557,34,32,6,7,8,7,"The play on words is decent, but it could be funnier given the absurdity of the scene.",honest_coarsened,FALSE,27,TRUE,FALSE,7,2,7,8,5,3,3,7,3,3,2,4,3,2,I felt pressured,,5.333333333333333,2.6666666666666665,3,3.6666666666666665
69b99c951958ca8cea40e123,B657FD73E5414EAB8FF37511FE3DCEB1,connect1,solo,Caution: Penguins crossing,43,0,FALSE,0,91.868,1416,31,43,6,5,8,6,The caption is straightforward and fitting but lacks a surprising twist that would enhance its humor.,honest_coarsened,FALSE,7,TRUE,FALSE,7,7,7,6,6,7,7,7,3,3,6,3,3,7,It was difficult to think of what to say,,7,4,4.333333333333333,6.666666666666667
69b99c961958ca8cea40e129,C38093DCAB134A31A534DE4A0D12EDC6,connect1,solo,Flapping our jaws as we walk aimlessly by the penguins flapping their wings as they aimlessly scuddle about.,129,0,FALSE,0,74.536,1347,26,18,6,7,8,7,The caption cleverly plays on the juxtaposition of human and penguin behaviors but could be more concise for stronger impact.,honest_coarsened,FALSE,16,TRUE,FALSE,8,8,9,6,3,3,1,7,1,1,2,7,6,8,I just wanted to make it work and be as funny as possible.,N/A,8.333333333333334,1.3333333333333333,7,2.3333333333333335
69b99ca21958ca8cea40e15f,F96595A8D1B4471C942F8EBDCFA8676A,connect1,ai,The local news reported traffic would be black and white this morning...this is not what I expected.,142,4,TRUE,0,157.088,1570,30,65,7,8,9,8,The caption cleverly plays with the visual contrast and expectations while maintaining a strong connection to the scene.,honest_coarsened,TRUE,50,TRUE,FALSE,7,7,5,3,3,3,6,7,4,3,3,6,3,3,I didn't like any of the AI options so I tried to think of my own,,6.333333333333333,3.3333333333333335,4,4
69b99ca31958ca8cea40e162,21727F7DC5354EDCA80C499E02C4E3A9,connect1,solo,When did Hogwarts start using penguins?,131,0,FALSE,0,199.98,1388,30,19,6,7,8,7,"The caption cleverly references a popular cultural reference, adding humor while fitting well with the whimsical scene of penguins in a city.",honest_coarsened,FALSE,16,TRUE,FALSE,10,10,10,2,6,10,8,7,0,0,10,5,4,8,I was drawing a blank it felt like an opportunity to be funny ,,10,3.3333333333333335,5.666666666666667,8
69b99ca31958ca8cea40e168,795E2BE9181E4D17983B51FD78772356,connect1,solo,Why are we waddling like the penguins?  I guess we are just cold as ice.,141,0,FALSE,3,93.456,1431,31,42,6,7,8,7,"The caption works well with the cartoon's penguin theme, but feels slightly predictable.",honest_coarsened,FALSE,25,TRUE,FALSE,9,9,10,7,5,8,7,7,NA,NA,NA,NA,NA,NA,I tried to think of a scenario that would be funny.,,9.333333333333334,NA,NA,6.666666666666667
69b99caa1958ca8cea40e17d,8ACA60070AC94E9AA3C66F555D375A0F,connect1,solo,When you accidentally join the wrong group chat.,1,0,FALSE,1,166.655,1571,31,81,7,8,9,8,"The caption creatively ties the chaos of the cartoon to a relatable modern experience, making it both amusing and fitting.",honest_coarsened,TRUE,57,TRUE,FALSE,10,10,10,10,10,10,10,7,10,10,0,10,10,10,I was trying to think of the something funny that would relate the penguins to some kind of human experience. ,,10,6.666666666666667,10,10
69b99caf1958ca8cea40e19a,0F830DAC459E44718B1B80D6D74C40C6,connect1,solo,Kids are looking a bit different these days!,58,0,FALSE,2,152.175,1552,35,36,6,7,8,7,"The caption playfully connects the unexpected sight of penguins in a city to a humorous generational observation, making it a solid match for the cartoon.",honest_coarsened,FALSE,45,TRUE,FALSE,10,10,10,7,9,9,9,7,2,2,7,4,6,6,I wanted to make something funny but I guess I failed,,10,3.6666666666666665,5.333333333333333,9
69b99caf1958ca8cea40e19b,2321D6F6CB204B94A3C88060EF771DB6,connect1,solo,This is not what I meant when I asked for tuxedos.,102,0,FALSE,1,210.663,1532,32,79,7,8,9,8,"The caption cleverly plays on the visual pun of penguins in a city setting, enhancing the humor of their tuxedo appearance.",honest_coarsened,TRUE,59,TRUE,FALSE,5,5,5,5,5,5,5,7,5,5,5,6,5,5,I was just thinking about penguins and how to make it seem funny.,,5,5,5.333333333333333,5
69b99cca1958ca8cea40e219,9777F5E6D87C48A6A97B04780A49FA49,connect1,solo,Are you sure we didn't make a wrong turn back there?,110,0,FALSE,1,150.706,1635,24,59,7,6,8,7,"The caption is amusing and fits well with the surreal situation of penguins in a city, adding to the humor.",honest_coarsened,TRUE,45,TRUE,FALSE,10,10,10,6,2,8,8,7,6,6,6,8,9,10,I wanted to be funny but couldn't think of anything that I thought was really funny.,No suggestions.,10,6,9,6
69b99ccc1958ca8cea40e223,EF8ADA1DD96D45ECB81A2E6825203E68,connect1,solo,Penguins unexpectedly learn how to fly and decide to take over the world with their new ability by moving into cities thousands of miles away from their original homes!,622,0,FALSE,0,203.639,1363,31,18,5,7,6,6,"The concept of flying penguins is imaginative, but the execution feels a bit disconnected from the cartoon's whimsical scene.",honest_coarsened,FALSE,8,TRUE,FALSE,10,10,10,8,5,6,6,7,2,1,4,5,6,9,"I was thinking that I'm bad at coming up with such things but that I hope I can still come up with an at least decent one. The experience felt fun overall, even though I didn't expect to be good at it.",,10,2.3333333333333335,6.666666666666667,5.666666666666667
69b99cd01958ca8cea40e234,E59AC8D13904495FA370ADC14A5F9CE2,connect1,solo,Birds often hibernate up north during the colder seasons 🌚,120,0,FALSE,0,136.093,1331,29,19,5,6,7,6,The caption plays on the contrast of penguins in an urban setting but feels a bit clichéd.,honest_coarsened,FALSE,5,TRUE,FALSE,10,10,10,8,6,8,7,7,7,3,9,3,0,0,I just wondered what was the quickest thing I could say about this. It felt awkward honestly since I didn't have time to do this.,,10,6.333333333333333,1,7
69b99cda1958ca8cea40e25c,DDF9CC347F5D4544A341532EF7995E62,connect1,solo,"Is this a remake of ""the birds""?",74,0,FALSE,1,151.559,1538,26,54,7,8,9,8,The caption cleverly references a classic film while fitting well with the surreal scene of penguins in a city.,honest_coarsened,TRUE,66,TRUE,FALSE,10,10,10,0,3,5,5,7,2,2,2,5,5,5,I was trying to think of something relatable. I found this incredibly hard haha.,,10,2,5,4.333333333333333
69b99cf21958ca8cea40e2bc,453E8B8456E9424FA9946D9509371D29,connect1,solo,Not the only ones taking advantage of a nice day in the park!  Wow!,71,0,FALSE,0,303.661,1413,27,51,5,6,8,6,The caption captures the scene's context but lacks a strong punchline to elevate the humor.,honest_coarsened,TRUE,6,TRUE,FALSE,7,5,8,4,5,6,4,7,6,6,7,7,6,8,"trying to determine what was funny about the cartoon, it wasn't really hilarious to me","no, not really",6.666666666666667,6.333333333333333,7,5
69b99cff1958ca8cea40e2e9,2B9CDEB94D854C50B2C7434C523DA57C,connect1,ai,"They said ""let's go inside,"" and suddenly I identified as the pigeon.",642,3,TRUE,1,409.825,1333,26,49,6,7,8,7,"The caption cleverly uses identity humor, though the connection to the scene could be a bit stronger.",honest_coarsened,FALSE,14,TRUE,FALSE,7,10,8,9,7,10,8,7,8,6,8,5,6,8,I wanted to be the person who didn't state the obvious. ,Should be able to bounce ideas off of the AI generator. ,8.333333333333334,7.333333333333333,6.333333333333333,8.333333333333334
69b99d131958ca8cea40e31e,01BDCB71123048979A77AB656EEBD585,connect1,ai,"Oh, look, the penguins got a hold of the zoo key again.",72,1,TRUE,0,68.119,1609,22,46,7,8,9,8,"The caption cleverly plays on the whimsical situation of penguins in an urban setting, enhancing the humor.",honest_coarsened,FALSE,66,TRUE,FALSE,8,8,10,10,8,10,10,7,5,5,5,8,8,8,I wanted to be as funny and as unique as possible. I felt happy doing this task.,,8.666666666666666,5,8,9.333333333333334
69b99d351958ca8cea40e386,1523F218A3204B3194DA29BE15FB01FB,connect1,solo,"""Lunch on Wall Street...""",214,0,FALSE,2,256.074,1419,20,40,5,6,7,6,"The caption is amusing and somewhat relevant, but it could be more inventive given the context of the penguins.",honest_coarsened,FALSE,6,TRUE,FALSE,7,8,7,2,5,3,5,7,3,1,8,3,2,5,"I felt put on the spot and like I couldn't produce something creative because I didn't have all the elements in place... good music, good location, etc.",,7.333333333333333,4,3.3333333333333335,4.333333333333333
69b99d421958ca8cea40e3b0,3AA3523F472C49FE9E5BFD874854EB75,connect1,solo,An unexpected result of climate change.,52,0,FALSE,0,387.71,1618,16,59,6,7,8,7,"The caption cleverly ties climate change to an absurd scenario, enhancing the humor of the cartoon.",honest_coarsened,TRUE,46,TRUE,FALSE,10,10,10,3,7,10,10,7,5,5,5,7,7,7,I was just trying to think of anything that could work.,,10,5,7,9
69b99d431958ca8cea40e3b4,3AA3523F472C49FE9E5BFD874854EB75,connect1,solo,An unexpected result of climate change.,52,0,FALSE,0,388.976,1500,0,NA,NA,NA,NA,NA,NA,none,NA,NA,TRUE,FALSE,NA,NA,NA,NA,NA,NA,NA,NA,NA,NA,NA,NA,NA,NA,NA,NA,NA,NA,NA,NA
69b99d7e1958ca8cea40e448,EF267AB9DC6A4FD0A96BEBCCE110ACBC,connect1,solo,"Look straight ahead babe, and they won't ask us for money.",87,0,FALSE,0,356.199,1500,0,NA,NA,NA,NA,NA,NA,none,NA,NA,TRUE,FALSE,NA,NA,NA,NA,NA,NA,NA,NA,NA,NA,NA,NA,NA,NA,NA,NA,NA,NA,NA,NA
69b99d821958ca8cea40e455,A56F44D0512C4A98845C6CBEE2C76950,connect1,ai,"I know they are just birds, but they are making me feel a bit underdressed",87,4,TRUE,1,576.459,1551,19,90,7,6,8,7,The caption humorously captures the unexpected fashion concern amidst the chaotic presence of penguins.,honest_coarsened,TRUE,42,TRUE,FALSE,6,7,7,5,7,8,8,7,7,8,8,7,6,7,How could I make a play on people in the city with penguins,,6.666666666666667,7.666666666666667,6.666666666666667,7.666666666666667
69b99da01958ca8cea40e489,EF267AB9DC6A4FD0A96BEBCCE110ACBC,connect1,solo,"Look straight ahead babe, and they won't ask us for money",2,0,FALSE,0,18.18,1500,0,NA,NA,NA,NA,NA,NA,none,NA,NA,TRUE,TRUE,NA,NA,NA,NA,NA,NA,NA,NA,NA,NA,NA,NA,NA,NA,NA,NA,NA,NA,NA,NA
69b99da31958ca8cea40e48d,EF267AB9DC6A4FD0A96BEBCCE110ACBC,connect1,solo,"Look straight ahead babe, and they won't ask us for money",2,0,FALSE,0,21.895,1500,0,NA,NA,NA,NA,NA,NA,none,NA,NA,TRUE,FALSE,NA,NA,NA,NA,NA,NA,NA,NA,NA,NA,NA,NA,NA,NA,NA,NA,NA,NA,NA,NA
69b99daf1958ca8cea40e4a5,EF267AB9DC6A4FD0A96BEBCCE110ACBC,connect1,solo,Look straight ahead babe and they won't ask us for money,5,0,FALSE,0,33.457,1500,0,NA,NA,NA,NA,NA,NA,none,NA,NA,TRUE,TRUE,NA,NA,NA,NA,NA,NA,NA,NA,NA,NA,NA,NA,NA,NA,NA,NA,NA,NA,NA,NA
69b99dc01958ca8cea40e4b9,EF267AB9DC6A4FD0A96BEBCCE110ACBC,connect1,solo,Look straight ahead and they won't ask us for money,10,0,FALSE,0,50.659,1500,0,NA,NA,NA,NA,NA,NA,none,NA,NA,TRUE,FALSE,NA,NA,NA,NA,NA,NA,NA,NA,NA,NA,NA,NA,NA,NA,NA,NA,NA,NA,NA,NA
69b99dc41958ca8cea40e4be,EF267AB9DC6A4FD0A96BEBCCE110ACBC,connect1,solo,Look straight ahead and they won't ask us for money,10,0,FALSE,0,54.501,1500,0,NA,NA,NA,NA,NA,NA,none,NA,NA,TRUE,FALSE,NA,NA,NA,NA,NA,NA,NA,NA,NA,NA,NA,NA,NA,NA,NA,NA,NA,NA,NA,NA
69b99dc71958ca8cea40e4c2,11A5BC3C5A924C01A2AB8DD3F80DAAC0,connect1,solo,Well we certainly didn’t see them when we flew in.,151,0,FALSE,0,408.006,1471,11,41,7,8,9,8,"The caption cleverly plays on the unexpected presence of penguins in a city setting, aligning well with the cartoon's visual humor.",honest_coarsened,FALSE,52,TRUE,FALSE,10,10,10,6,2,6,8,7,6,6,7,6,6,6,I was trying not to go for the lowest hanging fruit.,,10,6.333333333333333,6,5.333333333333333
69b99dea1958ca8cea40e4e2,EF267AB9DC6A4FD0A96BEBCCE110ACBC,connect1,solo,Look straight ahead so they do not ask us for money,26,0,FALSE,0,92.078,1500,0,NA,NA,NA,NA,NA,NA,none,NA,NA,TRUE,FALSE,NA,NA,NA,NA,NA,NA,NA,NA,NA,NA,NA,NA,NA,NA,NA,NA,NA,NA,NA,NA
69b99e051958ca8cea40e4fd,EF267AB9DC6A4FD0A96BEBCCE110ACBC,connect1,solo,Look straight ahead so they do not ask us for money,0,0,FALSE,0,13.985,1500,0,NA,NA,NA,NA,NA,NA,none,NA,NA,TRUE,FALSE,NA,NA,NA,NA,NA,NA,NA,NA,NA,NA,NA,NA,NA,NA,NA,NA,NA,NA,NA,NA
69b99e081958ca8cea40e500,EF267AB9DC6A4FD0A96BEBCCE110ACBC,connect1,solo,Look straight ahead so they do not ask us for money,0,0,FALSE,0,17.495,1500,0,NA,NA,NA,NA,NA,NA,none,NA,NA,TRUE,FALSE,NA,NA,NA,NA,NA,NA,NA,NA,NA,NA,NA,NA,NA,NA,NA,NA,NA,NA,NA,NA
69b99f3f1958ca8cea40e582,625E4C37BF96443290B89D5B905E4B58,connect1,ai,"""Rush hour just got a lot cooler!""",1,8,TRUE,1,967.999,1495,3,69,7,8,9,8,"The caption cleverly plays on the unexpected presence of penguins, enhancing the humor of the scene.",honest_coarsened,TRUE,56,TRUE,FALSE,0,0,0,2,5,5,4,7,2,1,0,0,0,0,I'm not actually coming up with anything.,N/A,0,1,0,4.666666666666667
